/*
Modèle de script de post-déploiement							
--------------------------------------------------------------------------------------
 Ce fichier contient des instructions SQL qui seront ajoutées au script de compilation.		
 Utilisez la syntaxe SQLCMD pour inclure un fichier dans le script de post-déploiement.			
 Exemple :      :r .\monfichier.sql								
 Utilisez la syntaxe SQLCMD pour référencer une variable dans le script de post-déploiement.		
 Exemple :      :setvar TableName MyTable							
               SELECT * FROM [$(TableName)]					
--------------------------------------------------------------------------------------
*/
/*Type de formation*/
INSERT INTO [dbo].[TPMGFORMTYPE] ([ID], [TYPE_SELECTION]) VALUES (N'AEC', N'Attestation d’études collégiales')
INSERT INTO [dbo].[TPMGFORMTYPE] ([ID], [TYPE_SELECTION]) VALUES (N'AEP', N'Attestation d’études professionnelles')
INSERT INTO [dbo].[TPMGFORMTYPE] ([ID], [TYPE_SELECTION]) VALUES (N'ASP', N'Attestation de spécialisation professionnelle')
INSERT INTO [dbo].[TPMGFORMTYPE] ([ID], [TYPE_SELECTION]) VALUES (N'DEC', N'Diplôme d’études collégiales')
INSERT INTO [dbo].[TPMGFORMTYPE] ([ID], [TYPE_SELECTION]) VALUES (N'DEP', N'Diplôme d’études professionnelles')
go
/*Type catégorie de programme*/
INSERT INTO [dbo].[TCDTY] ([CD_TY], [CD_TY_DESC], [TRK_UID], [RCD_CDTTM]) VALUES (N'PC', N'Préuniversitaire, arts lettres et communication', NULL, NULL)
INSERT INTO [dbo].[TCDTY] ([CD_TY], [CD_TY_DESC], [TRK_UID], [RCD_CDTTM]) VALUES (N'PH', N'Préuniversitaire, sciences humaines', NULL, NULL)
INSERT INTO [dbo].[TCDTY] ([CD_TY], [CD_TY_DESC], [TRK_UID], [RCD_CDTTM]) VALUES (N'PL', N'Préuniversitaire, sciences lettres et arts', NULL, NULL)
INSERT INTO [dbo].[TCDTY] ([CD_TY], [CD_TY_DESC], [TRK_UID], [RCD_CDTTM]) VALUES (N'PS', N'Préuniversitaire, sciences de la nature', NULL, NULL)
INSERT INTO [dbo].[TCDTY] ([CD_TY], [CD_TY_DESC], [TRK_UID], [RCD_CDTTM]) VALUES (N'PV', N'Préuniversitaire, arts visuels', NULL, NULL)
INSERT INTO [dbo].[TCDTY] ([CD_TY], [CD_TY_DESC], [TRK_UID], [RCD_CDTTM]) VALUES (N'TA', N'Technique en administration', NULL, NULL)
INSERT INTO [dbo].[TCDTY] ([CD_TY], [CD_TY_DESC], [TRK_UID], [RCD_CDTTM]) VALUES (N'TC', N'Technique, Arts & Communication', NULL, NULL)
INSERT INTO [dbo].[TCDTY] ([CD_TY], [CD_TY_DESC], [TRK_UID], [RCD_CDTTM]) VALUES (N'TH', N'Technique, humains', NULL, NULL)
INSERT INTO [dbo].[TCDTY] ([CD_TY], [CD_TY_DESC], [TRK_UID], [RCD_CDTTM]) VALUES (N'TP', N'Technique, domaine de la physique', NULL, NULL)
INSERT INTO [dbo].[TCDTY] ([CD_TY], [CD_TY_DESC], [TRK_UID], [RCD_CDTTM]) VALUES (N'TS', N'Technique en santé', NULL, NULL)
go
/*Département*/
INSERT INTO [dbo].[TDPTMNT] ([DPTMNT_ID], [DPTMNT_TITLE], [DPTMNT_PLCY], [RCD_CDTTM], [TRK_UID]) VALUES (100, N'Formation générale', NULL, N'2019-11-13 21:12:57', NULL)
INSERT INTO [dbo].[TDPTMNT] ([DPTMNT_ID], [DPTMNT_TITLE], [DPTMNT_PLCY], [RCD_CDTTM], [TRK_UID]) VALUES (109, N'Activité physique', NULL, N'2019-11-13 17:36:07', NULL)
INSERT INTO [dbo].[TDPTMNT] ([DPTMNT_ID], [DPTMNT_TITLE], [DPTMNT_PLCY], [RCD_CDTTM], [TRK_UID]) VALUES (111, N'Département dentaire', NULL, N'2019-11-12 18:40:27', NULL)
INSERT INTO [dbo].[TDPTMNT] ([DPTMNT_ID], [DPTMNT_TITLE], [DPTMNT_PLCY], [RCD_CDTTM], [TRK_UID]) VALUES (140, N'Départment biomédicales', NULL, N'2019-11-12 18:33:25', NULL)
INSERT INTO [dbo].[TDPTMNT] ([DPTMNT_ID], [DPTMNT_TITLE], [DPTMNT_PLCY], [RCD_CDTTM], [TRK_UID]) VALUES (340, N'Philophie', NULL, N'2019-11-13 17:20:35', NULL)
INSERT INTO [dbo].[TDPTMNT] ([DPTMNT_ID], [DPTMNT_TITLE], [DPTMNT_PLCY], [RCD_CDTTM], [TRK_UID]) VALUES (420, N'Départment de l''informatique', N'<h2><strong>6) LES R&Egrave;GLES D&Eacute;PARTEMENTALES</strong></h2>', N'2019-11-12 18:04:39', NULL)
INSERT INTO [dbo].[TDPTMNT] ([DPTMNT_ID], [DPTMNT_TITLE], [DPTMNT_PLCY], [RCD_CDTTM], [TRK_UID]) VALUES (500, N'Arts, lettres et communication', NULL, N'2019-11-08 19:52:09', N'33333')
INSERT INTO [dbo].[TDPTMNT] ([DPTMNT_ID], [DPTMNT_TITLE], [DPTMNT_PLCY], [RCD_CDTTM], [TRK_UID]) VALUES (510, N'Arts, Visuel', NULL, N'2019-11-12 17:59:06', NULL)
INSERT INTO [dbo].[TDPTMNT] ([DPTMNT_ID], [DPTMNT_TITLE], [DPTMNT_PLCY], [RCD_CDTTM], [TRK_UID]) VALUES (601, N'Français', NULL, N'2019-11-13 17:20:09', NULL)
INSERT INTO [dbo].[TDPTMNT] ([DPTMNT_ID], [DPTMNT_TITLE], [DPTMNT_PLCY], [RCD_CDTTM], [TRK_UID]) VALUES (604, N'Anglais de la formation générale commune', NULL, N'2019-11-13 18:04:13', NULL)
go
/*programme*/
INSERT INTO [dbo].[TPGM] ([PGM_ID], [DPTMNT_ID], [PGM_TITLE], [PGM_DESC], [PGM_PDF], [PMG_IMG], [PGM_TY_CD], [NUMB_OBLIGATED_SKILL], [NUMB_NONREQUIRED_SKILL], [NUMB_OBLIGATCOMPLEMENTARY_SKILL], [PGM_TY_FORM], [RCD_CDTTM], [TRK_UID]) VALUES (N'A0    ', 111, N'Hygiène dentaire', N'Le programme de Techniques d’hygiène dentaire vise le développement d’habiletés intellectuelles et de qualités', N'http://cegepoutaouais.qc.ca/images/Cahiers_de_programme/Hygiene_Dentaire_19-20-2.pdf', N'http://cegepoutaouais.qc.ca/images/programmes/hygienedentaire.jpg', N'TS', NULL, NULL, NULL, N'DEC', N'2019-11-12 18:42:04', NULL)
INSERT INTO [dbo].[TPGM] ([PGM_ID], [DPTMNT_ID], [PGM_TITLE], [PGM_DESC], [PGM_PDF], [PMG_IMG], [PGM_TY_CD], [NUMB_OBLIGATED_SKILL], [NUMB_NONREQUIRED_SKILL], [NUMB_OBLIGATCOMPLEMENTARY_SKILL], [PGM_TY_FORM], [RCD_CDTTM], [TRK_UID]) VALUES (N'AA    ', 420, N'Informatique de gestion', N'Ancien programme, veuillez vous référer au programme 420.B0, merci.', N'http://cegepoutaouais.qc.ca/images/Cahiers_de_programme/Informatique_2019-2020.pdf', N'http://cegepoutaouais.qc.ca/images/programmes/informatiquegestion.jpg', N'TA', 15, 6, 2, N'DEC', N'2019-11-01 17:11:28', NULL)
INSERT INTO [dbo].[TPGM] ([PGM_ID], [DPTMNT_ID], [PGM_TITLE], [PGM_DESC], [PGM_PDF], [PMG_IMG], [PGM_TY_CD], [NUMB_OBLIGATED_SKILL], [NUMB_NONREQUIRED_SKILL], [NUMB_OBLIGATCOMPLEMENTARY_SKILL], [PGM_TY_FORM], [RCD_CDTTM], [TRK_UID]) VALUES (N'AM    ', 510, N'Approche matière', N'Le nouveau programme d’études Arts visuels du Cégep de l’Outaouais offre deux parcours de formation, soit un', N'http://cegepoutaouais.qc.ca/images/Cahiers_de_programme/Arts_visuels_2019-2020.pdf', N'http://cegepoutaouais.qc.ca/images/programmes/artsvisuels.jpg', N'PV', NULL, NULL, NULL, N'DEC', N'2019-11-12 17:41:25', NULL)
INSERT INTO [dbo].[TPGM] ([PGM_ID], [DPTMNT_ID], [PGM_TITLE], [PGM_DESC], [PGM_PDF], [PMG_IMG], [PGM_TY_CD], [NUMB_OBLIGATED_SKILL], [NUMB_NONREQUIRED_SKILL], [NUMB_OBLIGATCOMPLEMENTARY_SKILL], [PGM_TY_FORM], [RCD_CDTTM], [TRK_UID]) VALUES (N'C0    ', 140, N'Analyses biomédicales', N'Le programme Technologie d’analyses biomédicales s''inscrit dans les finalités et les orientations de la formation', N'http://cegepoutaouais.qc.ca/images/Cahiers_de_programme/TAB_2019-2020.pdf', N'http://cegepoutaouais.qc.ca/images/programmes/analysebio.jpg', N'TS', NULL, NULL, NULL, N'DEC', N'2019-11-12 18:37:37', NULL)
INSERT INTO [dbo].[TPGM] ([PGM_ID], [DPTMNT_ID], [PGM_TITLE], [PGM_DESC], [PGM_PDF], [PMG_IMG], [PGM_TY_CD], [NUMB_OBLIGATED_SKILL], [NUMB_NONREQUIRED_SKILL], [NUMB_OBLIGATCOMPLEMENTARY_SKILL], [PGM_TY_FORM], [RCD_CDTTM], [TRK_UID]) VALUES (N'GE    ', 100, N'Formation générale', NULL, NULL, NULL, NULL, NULL, NULL, NULL, NULL, N'2019-11-13 21:13:01', NULL)
INSERT INTO [dbo].[TPGM] ([PGM_ID], [DPTMNT_ID], [PGM_TITLE], [PGM_DESC], [PGM_PDF], [PMG_IMG], [PGM_TY_CD], [NUMB_OBLIGATED_SKILL], [NUMB_NONREQUIRED_SKILL], [NUMB_OBLIGATCOMPLEMENTARY_SKILL], [PGM_TY_FORM], [RCD_CDTTM], [TRK_UID]) VALUES (N'MA    ', 100, N'Formation générale avec matématique', NULL, NULL, NULL, NULL, NULL, NULL, NULL, NULL, N'2019-11-13 21:18:16', NULL)
INSERT INTO [dbo].[TPGM] ([PGM_ID], [DPTMNT_ID], [PGM_TITLE], [PGM_DESC], [PGM_PDF], [PMG_IMG], [PGM_TY_CD], [NUMB_OBLIGATED_SKILL], [NUMB_NONREQUIRED_SKILL], [NUMB_OBLIGATCOMPLEMENTARY_SKILL], [PGM_TY_FORM], [RCD_CDTTM], [TRK_UID]) VALUES (N'PS    ', 420, N'Programmation et sécurité', N'Les tâches de la finissante et du finissant des Techniques de l’informatique profil Programmation et sécurité', N'http://cegepoutaouais.qc.ca/images/Cahiers_de_programme/Informatique_2019-2020.pdf', N'http://cegepoutaouais.qc.ca/images/programmes/informatiquegestion.jpg', N'TA', 15, 6, 2, N'DEC', N'2019-11-12 18:29:24', NULL)
INSERT INTO [dbo].[TPGM] ([PGM_ID], [DPTMNT_ID], [PGM_TITLE], [PGM_DESC], [PGM_PDF], [PMG_IMG], [PGM_TY_CD], [NUMB_OBLIGATED_SKILL], [NUMB_NONREQUIRED_SKILL], [NUMB_OBLIGATCOMPLEMENTARY_SKILL], [PGM_TY_FORM], [RCD_CDTTM], [TRK_UID]) VALUES (N'RC    ', 420, N'Réseaux et cybersécurité', N'Le programme d’études Techniques de l’informatique vise à former des techniciennes ou techniciens en informatique qui exerceront leur profession dans les domaines du développement d’applications et de l’administration des réseaux informatiques.', N'http://cegepoutaouais.qc.ca/images/Cahiers_de_programme/Informatique_2019-2020.pdf', N'http://cegepoutaouais.qc.ca/images/programmes/informatiquereseaux.jpg', N'TA', 15, 6, 2, N'DEC', N'2019-11-08 19:52:09', NULL)
go
/*tous les skills*/
INSERT INTO [dbo].[TSKL] ([SKL_ID], [SKL_TITLE], [ASSC_ATTD], [SKL_DISCIPLINARY_FIELD], [NB_PARTS_COMPLETED], [CAN_BE_COMPLEMENTORY], [RCD_CDTTM], [TRK_UID]) VALUES (N'0000', N'Traiter l’information relative aux réalités du milieu du travail en informatique', NULL, 420, 1, NULL, N'2019-11-08 19:53:38', NULL)
INSERT INTO [dbo].[TSKL] ([SKL_ID], [SKL_TITLE], [ASSC_ATTD], [SKL_DISCIPLINARY_FIELD], [NB_PARTS_COMPLETED], [CAN_BE_COMPLEMENTORY], [RCD_CDTTM], [TRK_UID]) VALUES (N'000V', N'Situer l’apport particulier des sciences humaines au regard des enjeux', NULL, NULL, 1, 1, N'2019-11-13 04:19:08', NULL)
INSERT INTO [dbo].[TSKL] ([SKL_ID], [SKL_TITLE], [ASSC_ATTD], [SKL_DISCIPLINARY_FIELD], [NB_PARTS_COMPLETED], [CAN_BE_COMPLEMENTORY], [RCD_CDTTM], [TRK_UID]) VALUES (N'000W', N'Analyser l’un des grands problèmes de notre temps selon une ou plusieurs', NULL, NULL, 1, 1, N'2019-11-13 04:19:19', NULL)
INSERT INTO [dbo].[TSKL] ([SKL_ID], [SKL_TITLE], [ASSC_ATTD], [SKL_DISCIPLINARY_FIELD], [NB_PARTS_COMPLETED], [CAN_BE_COMPLEMENTORY], [RCD_CDTTM], [TRK_UID]) VALUES (N'000X', N'Expliquer la nature générale et quelques-uns des enjeux actuels de la science et de', NULL, NULL, 1, 1, N'2019-11-13 04:19:28', NULL)
INSERT INTO [dbo].[TSKL] ([SKL_ID], [SKL_TITLE], [ASSC_ATTD], [SKL_DISCIPLINARY_FIELD], [NB_PARTS_COMPLETED], [CAN_BE_COMPLEMENTORY], [RCD_CDTTM], [TRK_UID]) VALUES (N'000Y', N'Résoudre un problème simple par l’application de la démarche scientifique de base.', NULL, NULL, 1, 1, N'2019-11-13 04:19:40', NULL)
INSERT INTO [dbo].[TSKL] ([SKL_ID], [SKL_TITLE], [ASSC_ATTD], [SKL_DISCIPLINARY_FIELD], [NB_PARTS_COMPLETED], [CAN_BE_COMPLEMENTORY], [RCD_CDTTM], [TRK_UID]) VALUES (N'000Z', N'Communiquer dans une langue moderne de façon restreinte.', NULL, NULL, 1, 1, N'2019-11-13 04:19:50', NULL)
INSERT INTO [dbo].[TSKL] ([SKL_ID], [SKL_TITLE], [ASSC_ATTD], [SKL_DISCIPLINARY_FIELD], [NB_PARTS_COMPLETED], [CAN_BE_COMPLEMENTORY], [RCD_CDTTM], [TRK_UID]) VALUES (N'0010', N'Communiquer dans une langue moderne sur des sujets familiers.', NULL, NULL, 1, 1, N'2019-11-13 04:20:00', NULL)
INSERT INTO [dbo].[TSKL] ([SKL_ID], [SKL_TITLE], [ASSC_ATTD], [SKL_DISCIPLINARY_FIELD], [NB_PARTS_COMPLETED], [CAN_BE_COMPLEMENTORY], [RCD_CDTTM], [TRK_UID]) VALUES (N'0011', N'Reconnaître le rôle des mathématiques ou de l’informatique dans la société', NULL, NULL, 1, 1, N'2019-11-13 04:20:27', NULL)
INSERT INTO [dbo].[TSKL] ([SKL_ID], [SKL_TITLE], [ASSC_ATTD], [SKL_DISCIPLINARY_FIELD], [NB_PARTS_COMPLETED], [CAN_BE_COMPLEMENTORY], [RCD_CDTTM], [TRK_UID]) VALUES (N'0012', N'Se servir d’une variété de notions, de procédés et d’outils mathématiques ou', NULL, NULL, 1, 1, N'2019-11-13 04:20:34', NULL)
INSERT INTO [dbo].[TSKL] ([SKL_ID], [SKL_TITLE], [ASSC_ATTD], [SKL_DISCIPLINARY_FIELD], [NB_PARTS_COMPLETED], [CAN_BE_COMPLEMENTORY], [RCD_CDTTM], [TRK_UID]) VALUES (N'0013', N'Apprécier diverses formes d’art issues de pratiques d’ordre esthétique.', NULL, NULL, 1, 1, N'2019-11-13 04:20:43', NULL)
INSERT INTO [dbo].[TSKL] ([SKL_ID], [SKL_TITLE], [ASSC_ATTD], [SKL_DISCIPLINARY_FIELD], [NB_PARTS_COMPLETED], [CAN_BE_COMPLEMENTORY], [RCD_CDTTM], [TRK_UID]) VALUES (N'0014', N'Réaliser une production artistique.', NULL, NULL, 1, 1, N'2019-11-13 04:20:55', NULL)
INSERT INTO [dbo].[TSKL] ([SKL_ID], [SKL_TITLE], [ASSC_ATTD], [SKL_DISCIPLINARY_FIELD], [NB_PARTS_COMPLETED], [CAN_BE_COMPLEMENTORY], [RCD_CDTTM], [TRK_UID]) VALUES (N'0067', N'Communiquer avec une certaine aisance dans une langue moderne.', NULL, NULL, 1, 1, N'2019-11-13 04:20:10', NULL)
INSERT INTO [dbo].[TSKL] ([SKL_ID], [SKL_TITLE], [ASSC_ATTD], [SKL_DISCIPLINARY_FIELD], [NB_PARTS_COMPLETED], [CAN_BE_COMPLEMENTORY], [RCD_CDTTM], [TRK_UID]) VALUES (N'00Q1', N'Effectuer l’installation et la gestion d’ordinateurs', NULL, 420, 1, NULL, N'2019-11-08 19:53:38', NULL)
INSERT INTO [dbo].[TSKL] ([SKL_ID], [SKL_TITLE], [ASSC_ATTD], [SKL_DISCIPLINARY_FIELD], [NB_PARTS_COMPLETED], [CAN_BE_COMPLEMENTORY], [RCD_CDTTM], [TRK_UID]) VALUES (N'00Q2', N'Utiliser des langages de programmation', NULL, 420, 1, NULL, N'2019-11-13 04:11:31', NULL)
INSERT INTO [dbo].[TSKL] ([SKL_ID], [SKL_TITLE], [ASSC_ATTD], [SKL_DISCIPLINARY_FIELD], [NB_PARTS_COMPLETED], [CAN_BE_COMPLEMENTORY], [RCD_CDTTM], [TRK_UID]) VALUES (N'00Q3', N'Résoudre des problèmes d’informatique avec les mathématiques', NULL, 420, 1, NULL, N'2019-11-13 04:11:40', NULL)
INSERT INTO [dbo].[TSKL] ([SKL_ID], [SKL_TITLE], [ASSC_ATTD], [SKL_DISCIPLINARY_FIELD], [NB_PARTS_COMPLETED], [CAN_BE_COMPLEMENTORY], [RCD_CDTTM], [TRK_UID]) VALUES (N'00Q4', N'Exploiter des logiciels de bureautique', NULL, 420, 1, NULL, N'2019-11-13 04:12:05', NULL)
INSERT INTO [dbo].[TSKL] ([SKL_ID], [SKL_TITLE], [ASSC_ATTD], [SKL_DISCIPLINARY_FIELD], [NB_PARTS_COMPLETED], [CAN_BE_COMPLEMENTORY], [RCD_CDTTM], [TRK_UID]) VALUES (N'00Q5', N'Effectuer le déploiement d’un réseau informatique local', NULL, 420, 1, NULL, N'2019-11-13 04:12:16', NULL)
INSERT INTO [dbo].[TSKL] ([SKL_ID], [SKL_TITLE], [ASSC_ATTD], [SKL_DISCIPLINARY_FIELD], [NB_PARTS_COMPLETED], [CAN_BE_COMPLEMENTORY], [RCD_CDTTM], [TRK_UID]) VALUES (N'00Q6', N'Exploiter les principes de la programmation orientée objet', NULL, 420, 1, NULL, N'2019-11-13 04:12:23', NULL)
INSERT INTO [dbo].[TSKL] ([SKL_ID], [SKL_TITLE], [ASSC_ATTD], [SKL_DISCIPLINARY_FIELD], [NB_PARTS_COMPLETED], [CAN_BE_COMPLEMENTORY], [RCD_CDTTM], [TRK_UID]) VALUES (N'00Q7', N'Exploiter un système de gestion de base de données', NULL, 420, 1, NULL, N'2019-11-13 04:12:38', NULL)
INSERT INTO [dbo].[TSKL] ([SKL_ID], [SKL_TITLE], [ASSC_ATTD], [SKL_DISCIPLINARY_FIELD], [NB_PARTS_COMPLETED], [CAN_BE_COMPLEMENTORY], [RCD_CDTTM], [TRK_UID]) VALUES (N'00Q8', N'Effectuer des opérations de prévention en matière de sécurité de l’information', NULL, 420, 1, NULL, N'2019-11-13 04:12:48', NULL)
INSERT INTO [dbo].[TSKL] ([SKL_ID], [SKL_TITLE], [ASSC_ATTD], [SKL_DISCIPLINARY_FIELD], [NB_PARTS_COMPLETED], [CAN_BE_COMPLEMENTORY], [RCD_CDTTM], [TRK_UID]) VALUES (N'00SE', N'Interagir dans un contexte professionnel', NULL, 420, 1, NULL, N'2019-11-13 04:12:57', NULL)
INSERT INTO [dbo].[TSKL] ([SKL_ID], [SKL_TITLE], [ASSC_ATTD], [SKL_DISCIPLINARY_FIELD], [NB_PARTS_COMPLETED], [CAN_BE_COMPLEMENTORY], [RCD_CDTTM], [TRK_UID]) VALUES (N'00SF', N'Évaluer des composants logiciels et matériels', NULL, 420, 1, NULL, N'2019-11-13 04:13:05', NULL)
INSERT INTO [dbo].[TSKL] ([SKL_ID], [SKL_TITLE], [ASSC_ATTD], [SKL_DISCIPLINARY_FIELD], [NB_PARTS_COMPLETED], [CAN_BE_COMPLEMENTORY], [RCD_CDTTM], [TRK_UID]) VALUES (N'00SG', N'Fournir du soutien informatique aux utilisatrices et utilisateurs', NULL, 420, 1, NULL, N'2019-11-13 04:13:15', NULL)
INSERT INTO [dbo].[TSKL] ([SKL_ID], [SKL_TITLE], [ASSC_ATTD], [SKL_DISCIPLINARY_FIELD], [NB_PARTS_COMPLETED], [CAN_BE_COMPLEMENTORY], [RCD_CDTTM], [TRK_UID]) VALUES (N'00SH', N'S’adapter à des technologies informatiques', NULL, 420, 1, NULL, N'2019-11-13 04:13:22', NULL)
INSERT INTO [dbo].[TSKL] ([SKL_ID], [SKL_TITLE], [ASSC_ATTD], [SKL_DISCIPLINARY_FIELD], [NB_PARTS_COMPLETED], [CAN_BE_COMPLEMENTORY], [RCD_CDTTM], [TRK_UID]) VALUES (N'00SJ', N'Effectuer le déploiement de serveurs intranet', NULL, 420, 1, NULL, N'2019-11-08 19:53:38', NULL)
INSERT INTO [dbo].[TSKL] ([SKL_ID], [SKL_TITLE], [ASSC_ATTD], [SKL_DISCIPLINARY_FIELD], [NB_PARTS_COMPLETED], [CAN_BE_COMPLEMENTORY], [RCD_CDTTM], [TRK_UID]) VALUES (N'00SK', N'Effectuer le déploiement de serveurs Internet', NULL, 420, 1, NULL, N'2019-11-13 04:13:34', NULL)
INSERT INTO [dbo].[TSKL] ([SKL_ID], [SKL_TITLE], [ASSC_ATTD], [SKL_DISCIPLINARY_FIELD], [NB_PARTS_COMPLETED], [CAN_BE_COMPLEMENTORY], [RCD_CDTTM], [TRK_UID]) VALUES (N'00SL', N'Effectuer le déploiement de serveurs de base de données', NULL, 420, 1, NULL, N'2019-11-13 04:13:50', NULL)
INSERT INTO [dbo].[TSKL] ([SKL_ID], [SKL_TITLE], [ASSC_ATTD], [SKL_DISCIPLINARY_FIELD], [NB_PARTS_COMPLETED], [CAN_BE_COMPLEMENTORY], [RCD_CDTTM], [TRK_UID]) VALUES (N'00SM', N'Effectuer le déploiement de dispositifs d’interconnexion de réseaux informatiques', NULL, 420, 1, NULL, N'2019-11-13 04:13:59', NULL)
INSERT INTO [dbo].[TSKL] ([SKL_ID], [SKL_TITLE], [ASSC_ATTD], [SKL_DISCIPLINARY_FIELD], [NB_PARTS_COMPLETED], [CAN_BE_COMPLEMENTORY], [RCD_CDTTM], [TRK_UID]) VALUES (N'00SN', N'Automatiser des tâches de gestion de réseaux informatiques', NULL, 420, 1, NULL, N'2019-11-13 04:14:06', NULL)
INSERT INTO [dbo].[TSKL] ([SKL_ID], [SKL_TITLE], [ASSC_ATTD], [SKL_DISCIPLINARY_FIELD], [NB_PARTS_COMPLETED], [CAN_BE_COMPLEMENTORY], [RCD_CDTTM], [TRK_UID]) VALUES (N'00SP', N'Assurer la surveillance de réseaux informatiques', NULL, 420, 1, NULL, N'2019-11-13 04:14:14', NULL)
INSERT INTO [dbo].[TSKL] ([SKL_ID], [SKL_TITLE], [ASSC_ATTD], [SKL_DISCIPLINARY_FIELD], [NB_PARTS_COMPLETED], [CAN_BE_COMPLEMENTORY], [RCD_CDTTM], [TRK_UID]) VALUES (N'00SQ', N'Collaborer à la conception d’un réseau informatique', NULL, 420, 1, NULL, N'2019-11-13 04:14:22', NULL)
INSERT INTO [dbo].[TSKL] ([SKL_ID], [SKL_TITLE], [ASSC_ATTD], [SKL_DISCIPLINARY_FIELD], [NB_PARTS_COMPLETED], [CAN_BE_COMPLEMENTORY], [RCD_CDTTM], [TRK_UID]) VALUES (N'00SR', N'Effectuer le développement d’applications natives sans base de données', NULL, 420, 1, NULL, N'2019-11-13 04:14:30', NULL)
INSERT INTO [dbo].[TSKL] ([SKL_ID], [SKL_TITLE], [ASSC_ATTD], [SKL_DISCIPLINARY_FIELD], [NB_PARTS_COMPLETED], [CAN_BE_COMPLEMENTORY], [RCD_CDTTM], [TRK_UID]) VALUES (N'00SS', N'Effectuer le développement d’applications natives avec base de données', NULL, 420, 1, NULL, N'2019-11-13 04:14:42', NULL)
INSERT INTO [dbo].[TSKL] ([SKL_ID], [SKL_TITLE], [ASSC_ATTD], [SKL_DISCIPLINARY_FIELD], [NB_PARTS_COMPLETED], [CAN_BE_COMPLEMENTORY], [RCD_CDTTM], [TRK_UID]) VALUES (N'00ST', N'Effectuer le développement d’applications Web non transactionnelles', NULL, 420, 1, NULL, N'2019-11-13 04:14:51', NULL)
INSERT INTO [dbo].[TSKL] ([SKL_ID], [SKL_TITLE], [ASSC_ATTD], [SKL_DISCIPLINARY_FIELD], [NB_PARTS_COMPLETED], [CAN_BE_COMPLEMENTORY], [RCD_CDTTM], [TRK_UID]) VALUES (N'00SU', N'Effectuer le développement d’applications Web transactionnelles', NULL, 420, 1, NULL, N'2019-11-13 04:14:59', NULL)
INSERT INTO [dbo].[TSKL] ([SKL_ID], [SKL_TITLE], [ASSC_ATTD], [SKL_DISCIPLINARY_FIELD], [NB_PARTS_COMPLETED], [CAN_BE_COMPLEMENTORY], [RCD_CDTTM], [TRK_UID]) VALUES (N'00SV', N'Effectuer le développement de services d’échange de données', NULL, 420, 1, NULL, N'2019-11-13 04:15:06', NULL)
INSERT INTO [dbo].[TSKL] ([SKL_ID], [SKL_TITLE], [ASSC_ATTD], [SKL_DISCIPLINARY_FIELD], [NB_PARTS_COMPLETED], [CAN_BE_COMPLEMENTORY], [RCD_CDTTM], [TRK_UID]) VALUES (N'00SW', N'Effectuer le développement d’applications de jeu ou de simulation', NULL, 420, 1, NULL, N'2019-11-13 04:15:19', NULL)
INSERT INTO [dbo].[TSKL] ([SKL_ID], [SKL_TITLE], [ASSC_ATTD], [SKL_DISCIPLINARY_FIELD], [NB_PARTS_COMPLETED], [CAN_BE_COMPLEMENTORY], [RCD_CDTTM], [TRK_UID]) VALUES (N'00SX', N'Effectuer le développement d’applications pour des objets connectés', NULL, 420, 1, NULL, N'2019-11-13 04:15:26', NULL)
INSERT INTO [dbo].[TSKL] ([SKL_ID], [SKL_TITLE], [ASSC_ATTD], [SKL_DISCIPLINARY_FIELD], [NB_PARTS_COMPLETED], [CAN_BE_COMPLEMENTORY], [RCD_CDTTM], [TRK_UID]) VALUES (N'00SY', N'Collaborer à la conception d’applications', NULL, 420, 1, NULL, N'2019-11-13 04:15:36', NULL)
INSERT INTO [dbo].[TSKL] ([SKL_ID], [SKL_TITLE], [ASSC_ATTD], [SKL_DISCIPLINARY_FIELD], [NB_PARTS_COMPLETED], [CAN_BE_COMPLEMENTORY], [RCD_CDTTM], [TRK_UID]) VALUES (N'021L', N'Considérer des problématiques contemporaines dans une perspective', NULL, NULL, 1, NULL, N'2019-11-13 04:21:06', NULL)
INSERT INTO [dbo].[TSKL] ([SKL_ID], [SKL_TITLE], [ASSC_ATTD], [SKL_DISCIPLINARY_FIELD], [NB_PARTS_COMPLETED], [CAN_BE_COMPLEMENTORY], [RCD_CDTTM], [TRK_UID]) VALUES (N'021M', N'Traiter d’une problématique contemporaine dans une perspective transdisciplinaire.', NULL, NULL, 1, NULL, N'2019-11-13 04:22:00', NULL)
INSERT INTO [dbo].[TSKL] ([SKL_ID], [SKL_TITLE], [ASSC_ATTD], [SKL_DISCIPLINARY_FIELD], [NB_PARTS_COMPLETED], [CAN_BE_COMPLEMENTORY], [RCD_CDTTM], [TRK_UID]) VALUES (N'4EF0', N'Analyser des textes littéraires.', NULL, 601, 1, NULL, N'2019-11-13 04:16:04', NULL)
INSERT INTO [dbo].[TSKL] ([SKL_ID], [SKL_TITLE], [ASSC_ATTD], [SKL_DISCIPLINARY_FIELD], [NB_PARTS_COMPLETED], [CAN_BE_COMPLEMENTORY], [RCD_CDTTM], [TRK_UID]) VALUES (N'4EF1', N'Expliquer les représentations du monde contenues dans des textes littéraires d’époques et de genres variés', NULL, 601, 1, NULL, N'2019-11-08 19:53:38', NULL)
INSERT INTO [dbo].[TSKL] ([SKL_ID], [SKL_TITLE], [ASSC_ATTD], [SKL_DISCIPLINARY_FIELD], [NB_PARTS_COMPLETED], [CAN_BE_COMPLEMENTORY], [RCD_CDTTM], [TRK_UID]) VALUES (N'4EF2', N'Apprécier des textes de la littérature québécoise d’époques et de genres variés.', NULL, 601, 1, NULL, N'2019-11-13 04:16:18', NULL)
INSERT INTO [dbo].[TSKL] ([SKL_ID], [SKL_TITLE], [ASSC_ATTD], [SKL_DISCIPLINARY_FIELD], [NB_PARTS_COMPLETED], [CAN_BE_COMPLEMENTORY], [RCD_CDTTM], [TRK_UID]) VALUES (N'4EFP', N'Produire différents types de discours oraux et écrits liés au champ d’études de l’élève.', NULL, 601, 1, NULL, N'2019-11-13 04:16:24', NULL)
INSERT INTO [dbo].[TSKL] ([SKL_ID], [SKL_TITLE], [ASSC_ATTD], [SKL_DISCIPLINARY_FIELD], [NB_PARTS_COMPLETED], [CAN_BE_COMPLEMENTORY], [RCD_CDTTM], [TRK_UID]) VALUES (N'4EP0', N'Analyser sa pratique de l’activité physique au regard des habitudes de vie favorisant la', NULL, 109, 1, NULL, N'2019-11-13 04:18:33', NULL)
INSERT INTO [dbo].[TSKL] ([SKL_ID], [SKL_TITLE], [ASSC_ATTD], [SKL_DISCIPLINARY_FIELD], [NB_PARTS_COMPLETED], [CAN_BE_COMPLEMENTORY], [RCD_CDTTM], [TRK_UID]) VALUES (N'4EP1', N'Améliorer son efficacité dans la pratique d’une activité physique.', NULL, 109, 1, NULL, N'2019-11-13 04:18:42', NULL)
INSERT INTO [dbo].[TSKL] ([SKL_ID], [SKL_TITLE], [ASSC_ATTD], [SKL_DISCIPLINARY_FIELD], [NB_PARTS_COMPLETED], [CAN_BE_COMPLEMENTORY], [RCD_CDTTM], [TRK_UID]) VALUES (N'4EP2', N'Démontrer sa capacité à se charger de sa pratique de l’activité physique dans une', NULL, 109, 1, NULL, N'2019-11-13 04:18:52', NULL)
INSERT INTO [dbo].[TSKL] ([SKL_ID], [SKL_TITLE], [ASSC_ATTD], [SKL_DISCIPLINARY_FIELD], [NB_PARTS_COMPLETED], [CAN_BE_COMPLEMENTORY], [RCD_CDTTM], [TRK_UID]) VALUES (N'4PH0', N'Traiter d’une question philosophique.', NULL, 340, 1, NULL, N'2019-11-13 04:16:34', NULL)
INSERT INTO [dbo].[TSKL] ([SKL_ID], [SKL_TITLE], [ASSC_ATTD], [SKL_DISCIPLINARY_FIELD], [NB_PARTS_COMPLETED], [CAN_BE_COMPLEMENTORY], [RCD_CDTTM], [TRK_UID]) VALUES (N'4PH1', N'Discuter des conceptions philosophiques de l’être humain.', NULL, 340, 1, NULL, N'2019-11-13 04:16:41', NULL)
INSERT INTO [dbo].[TSKL] ([SKL_ID], [SKL_TITLE], [ASSC_ATTD], [SKL_DISCIPLINARY_FIELD], [NB_PARTS_COMPLETED], [CAN_BE_COMPLEMENTORY], [RCD_CDTTM], [TRK_UID]) VALUES (N'4PHP', N'Porter un jugement sur des problèmes éthiques et politiques de la société contemporaine.', NULL, 340, 1, NULL, N'2019-11-13 04:16:50', NULL)
INSERT INTO [dbo].[TSKL] ([SKL_ID], [SKL_TITLE], [ASSC_ATTD], [SKL_DISCIPLINARY_FIELD], [NB_PARTS_COMPLETED], [CAN_BE_COMPLEMENTORY], [RCD_CDTTM], [TRK_UID]) VALUES (N'4SA0', N'Comprendre et exprimer des messages simples en anglais.', NULL, 604, 1, NULL, N'2019-11-13 04:17:16', NULL)
INSERT INTO [dbo].[TSKL] ([SKL_ID], [SKL_TITLE], [ASSC_ATTD], [SKL_DISCIPLINARY_FIELD], [NB_PARTS_COMPLETED], [CAN_BE_COMPLEMENTORY], [RCD_CDTTM], [TRK_UID]) VALUES (N'4SA1', N'Communiquer en anglais avec une certaine aisance.', NULL, 604, 1, NULL, N'2019-11-13 04:17:33', NULL)
INSERT INTO [dbo].[TSKL] ([SKL_ID], [SKL_TITLE], [ASSC_ATTD], [SKL_DISCIPLINARY_FIELD], [NB_PARTS_COMPLETED], [CAN_BE_COMPLEMENTORY], [RCD_CDTTM], [TRK_UID]) VALUES (N'4SA2', N'Communiquer avec aisance en anglais sur des thèmes sociaux, culturels ou', NULL, 604, 1, NULL, N'2019-11-13 04:17:43', NULL)
INSERT INTO [dbo].[TSKL] ([SKL_ID], [SKL_TITLE], [ASSC_ATTD], [SKL_DISCIPLINARY_FIELD], [NB_PARTS_COMPLETED], [CAN_BE_COMPLEMENTORY], [RCD_CDTTM], [TRK_UID]) VALUES (N'4SA3', N'Traiter en anglais d’œuvres littéraires et de sujets à portée sociale ou culturelle.', NULL, 604, 1, NULL, N'2019-11-13 04:17:51', NULL)
INSERT INTO [dbo].[TSKL] ([SKL_ID], [SKL_TITLE], [ASSC_ATTD], [SKL_DISCIPLINARY_FIELD], [NB_PARTS_COMPLETED], [CAN_BE_COMPLEMENTORY], [RCD_CDTTM], [TRK_UID]) VALUES (N'4SAP', N'Communiquer en anglais de façon simple en utilisant des formes d’expression d’usage courant liées au champ d’études de l’élève', NULL, 604, 1, NULL, N'2019-11-08 19:53:38', NULL)
INSERT INTO [dbo].[TSKL] ([SKL_ID], [SKL_TITLE], [ASSC_ATTD], [SKL_DISCIPLINARY_FIELD], [NB_PARTS_COMPLETED], [CAN_BE_COMPLEMENTORY], [RCD_CDTTM], [TRK_UID]) VALUES (N'4SAQ', N'Communiquer en anglais avec une certaine aisance en utilisant des formes', NULL, 604, 1, NULL, N'2019-11-13 04:18:02', NULL)
INSERT INTO [dbo].[TSKL] ([SKL_ID], [SKL_TITLE], [ASSC_ATTD], [SKL_DISCIPLINARY_FIELD], [NB_PARTS_COMPLETED], [CAN_BE_COMPLEMENTORY], [RCD_CDTTM], [TRK_UID]) VALUES (N'4SAR', N'Communiquer avec aisance en anglais en utilisant des formes d’expression d’usage', NULL, 604, 1, NULL, N'2019-11-13 04:18:13', NULL)
INSERT INTO [dbo].[TSKL] ([SKL_ID], [SKL_TITLE], [ASSC_ATTD], [SKL_DISCIPLINARY_FIELD], [NB_PARTS_COMPLETED], [CAN_BE_COMPLEMENTORY], [RCD_CDTTM], [TRK_UID]) VALUES (N'4SAS', N'Communiquer de façon nuancée en anglais dans différentes formes de discours.', NULL, 604, 1, NULL, N'2019-11-13 04:18:22', NULL)
go
/*relation entre programme et skill*/
INSERT INTO [dbo].[R_SKL_PGM] ([PGM_ID], [DPTMNT_ID], [SKL_ID], [SKL_IS_REQUIRED], [SKL_IS_COMPLEMENTARY]) VALUES (N'AA    ', 420, N'0000', 1, 0)
INSERT INTO [dbo].[R_SKL_PGM] ([PGM_ID], [DPTMNT_ID], [SKL_ID], [SKL_IS_REQUIRED], [SKL_IS_COMPLEMENTARY]) VALUES (N'AA    ', 420, N'000V', 0, 1)
INSERT INTO [dbo].[R_SKL_PGM] ([PGM_ID], [DPTMNT_ID], [SKL_ID], [SKL_IS_REQUIRED], [SKL_IS_COMPLEMENTARY]) VALUES (N'AA    ', 420, N'000W', 0, 1)
INSERT INTO [dbo].[R_SKL_PGM] ([PGM_ID], [DPTMNT_ID], [SKL_ID], [SKL_IS_REQUIRED], [SKL_IS_COMPLEMENTARY]) VALUES (N'AA    ', 420, N'000X', 0, 1)
INSERT INTO [dbo].[R_SKL_PGM] ([PGM_ID], [DPTMNT_ID], [SKL_ID], [SKL_IS_REQUIRED], [SKL_IS_COMPLEMENTARY]) VALUES (N'AA    ', 420, N'000Y', 0, 1)
INSERT INTO [dbo].[R_SKL_PGM] ([PGM_ID], [DPTMNT_ID], [SKL_ID], [SKL_IS_REQUIRED], [SKL_IS_COMPLEMENTARY]) VALUES (N'AA    ', 420, N'000Z', 0, 1)
INSERT INTO [dbo].[R_SKL_PGM] ([PGM_ID], [DPTMNT_ID], [SKL_ID], [SKL_IS_REQUIRED], [SKL_IS_COMPLEMENTARY]) VALUES (N'AA    ', 420, N'0010', 0, 1)
INSERT INTO [dbo].[R_SKL_PGM] ([PGM_ID], [DPTMNT_ID], [SKL_ID], [SKL_IS_REQUIRED], [SKL_IS_COMPLEMENTARY]) VALUES (N'AA    ', 420, N'0011', 0, 1)
INSERT INTO [dbo].[R_SKL_PGM] ([PGM_ID], [DPTMNT_ID], [SKL_ID], [SKL_IS_REQUIRED], [SKL_IS_COMPLEMENTARY]) VALUES (N'AA    ', 420, N'0013', 0, 1)
INSERT INTO [dbo].[R_SKL_PGM] ([PGM_ID], [DPTMNT_ID], [SKL_ID], [SKL_IS_REQUIRED], [SKL_IS_COMPLEMENTARY]) VALUES (N'AA    ', 420, N'0067', 0, 1)
INSERT INTO [dbo].[R_SKL_PGM] ([PGM_ID], [DPTMNT_ID], [SKL_ID], [SKL_IS_REQUIRED], [SKL_IS_COMPLEMENTARY]) VALUES (N'AA    ', 420, N'00Q1', 1, 0)
INSERT INTO [dbo].[R_SKL_PGM] ([PGM_ID], [DPTMNT_ID], [SKL_ID], [SKL_IS_REQUIRED], [SKL_IS_COMPLEMENTARY]) VALUES (N'AA    ', 420, N'00Q2', 1, 0)
INSERT INTO [dbo].[R_SKL_PGM] ([PGM_ID], [DPTMNT_ID], [SKL_ID], [SKL_IS_REQUIRED], [SKL_IS_COMPLEMENTARY]) VALUES (N'AA    ', 420, N'00Q3', 1, 0)
INSERT INTO [dbo].[R_SKL_PGM] ([PGM_ID], [DPTMNT_ID], [SKL_ID], [SKL_IS_REQUIRED], [SKL_IS_COMPLEMENTARY]) VALUES (N'AA    ', 420, N'00Q4', 1, 0)
INSERT INTO [dbo].[R_SKL_PGM] ([PGM_ID], [DPTMNT_ID], [SKL_ID], [SKL_IS_REQUIRED], [SKL_IS_COMPLEMENTARY]) VALUES (N'AA    ', 420, N'00Q5', 1, 0)
INSERT INTO [dbo].[R_SKL_PGM] ([PGM_ID], [DPTMNT_ID], [SKL_ID], [SKL_IS_REQUIRED], [SKL_IS_COMPLEMENTARY]) VALUES (N'AA    ', 420, N'00Q6', 1, 0)
INSERT INTO [dbo].[R_SKL_PGM] ([PGM_ID], [DPTMNT_ID], [SKL_ID], [SKL_IS_REQUIRED], [SKL_IS_COMPLEMENTARY]) VALUES (N'AA    ', 420, N'00Q7', 1, 0)
INSERT INTO [dbo].[R_SKL_PGM] ([PGM_ID], [DPTMNT_ID], [SKL_ID], [SKL_IS_REQUIRED], [SKL_IS_COMPLEMENTARY]) VALUES (N'AA    ', 420, N'00Q8', 1, 0)
INSERT INTO [dbo].[R_SKL_PGM] ([PGM_ID], [DPTMNT_ID], [SKL_ID], [SKL_IS_REQUIRED], [SKL_IS_COMPLEMENTARY]) VALUES (N'AA    ', 420, N'00SE', 1, 0)
INSERT INTO [dbo].[R_SKL_PGM] ([PGM_ID], [DPTMNT_ID], [SKL_ID], [SKL_IS_REQUIRED], [SKL_IS_COMPLEMENTARY]) VALUES (N'AA    ', 420, N'00SF', 1, 0)
INSERT INTO [dbo].[R_SKL_PGM] ([PGM_ID], [DPTMNT_ID], [SKL_ID], [SKL_IS_REQUIRED], [SKL_IS_COMPLEMENTARY]) VALUES (N'AA    ', 420, N'00SG', 1, 0)
INSERT INTO [dbo].[R_SKL_PGM] ([PGM_ID], [DPTMNT_ID], [SKL_ID], [SKL_IS_REQUIRED], [SKL_IS_COMPLEMENTARY]) VALUES (N'AA    ', 420, N'00SH', 1, 0)
INSERT INTO [dbo].[R_SKL_PGM] ([PGM_ID], [DPTMNT_ID], [SKL_ID], [SKL_IS_REQUIRED], [SKL_IS_COMPLEMENTARY]) VALUES (N'AA    ', 420, N'00SJ', 0, 0)
INSERT INTO [dbo].[R_SKL_PGM] ([PGM_ID], [DPTMNT_ID], [SKL_ID], [SKL_IS_REQUIRED], [SKL_IS_COMPLEMENTARY]) VALUES (N'AA    ', 420, N'00SK', 0, 0)
INSERT INTO [dbo].[R_SKL_PGM] ([PGM_ID], [DPTMNT_ID], [SKL_ID], [SKL_IS_REQUIRED], [SKL_IS_COMPLEMENTARY]) VALUES (N'AA    ', 420, N'00SL', 0, 0)
INSERT INTO [dbo].[R_SKL_PGM] ([PGM_ID], [DPTMNT_ID], [SKL_ID], [SKL_IS_REQUIRED], [SKL_IS_COMPLEMENTARY]) VALUES (N'AA    ', 420, N'00SM', 0, 0)
INSERT INTO [dbo].[R_SKL_PGM] ([PGM_ID], [DPTMNT_ID], [SKL_ID], [SKL_IS_REQUIRED], [SKL_IS_COMPLEMENTARY]) VALUES (N'AA    ', 420, N'00SN', 0, 0)
INSERT INTO [dbo].[R_SKL_PGM] ([PGM_ID], [DPTMNT_ID], [SKL_ID], [SKL_IS_REQUIRED], [SKL_IS_COMPLEMENTARY]) VALUES (N'AA    ', 420, N'00SP', 0, 0)
INSERT INTO [dbo].[R_SKL_PGM] ([PGM_ID], [DPTMNT_ID], [SKL_ID], [SKL_IS_REQUIRED], [SKL_IS_COMPLEMENTARY]) VALUES (N'AA    ', 420, N'00SQ', 0, 0)
INSERT INTO [dbo].[R_SKL_PGM] ([PGM_ID], [DPTMNT_ID], [SKL_ID], [SKL_IS_REQUIRED], [SKL_IS_COMPLEMENTARY]) VALUES (N'AA    ', 420, N'00SR', 0, 0)
INSERT INTO [dbo].[R_SKL_PGM] ([PGM_ID], [DPTMNT_ID], [SKL_ID], [SKL_IS_REQUIRED], [SKL_IS_COMPLEMENTARY]) VALUES (N'AA    ', 420, N'00SS', 0, 0)
INSERT INTO [dbo].[R_SKL_PGM] ([PGM_ID], [DPTMNT_ID], [SKL_ID], [SKL_IS_REQUIRED], [SKL_IS_COMPLEMENTARY]) VALUES (N'AA    ', 420, N'00ST', 0, 0)
INSERT INTO [dbo].[R_SKL_PGM] ([PGM_ID], [DPTMNT_ID], [SKL_ID], [SKL_IS_REQUIRED], [SKL_IS_COMPLEMENTARY]) VALUES (N'AA    ', 420, N'00SU', 0, 0)
INSERT INTO [dbo].[R_SKL_PGM] ([PGM_ID], [DPTMNT_ID], [SKL_ID], [SKL_IS_REQUIRED], [SKL_IS_COMPLEMENTARY]) VALUES (N'AA    ', 420, N'00SV', 0, 0)
INSERT INTO [dbo].[R_SKL_PGM] ([PGM_ID], [DPTMNT_ID], [SKL_ID], [SKL_IS_REQUIRED], [SKL_IS_COMPLEMENTARY]) VALUES (N'AA    ', 420, N'00SW', 0, 0)
INSERT INTO [dbo].[R_SKL_PGM] ([PGM_ID], [DPTMNT_ID], [SKL_ID], [SKL_IS_REQUIRED], [SKL_IS_COMPLEMENTARY]) VALUES (N'AA    ', 420, N'00SX', 0, 0)
INSERT INTO [dbo].[R_SKL_PGM] ([PGM_ID], [DPTMNT_ID], [SKL_ID], [SKL_IS_REQUIRED], [SKL_IS_COMPLEMENTARY]) VALUES (N'AA    ', 420, N'00SY', 0, 0)
INSERT INTO [dbo].[R_SKL_PGM] ([PGM_ID], [DPTMNT_ID], [SKL_ID], [SKL_IS_REQUIRED], [SKL_IS_COMPLEMENTARY]) VALUES (N'AA    ', 420, N'021L', 0, 1)
INSERT INTO [dbo].[R_SKL_PGM] ([PGM_ID], [DPTMNT_ID], [SKL_ID], [SKL_IS_REQUIRED], [SKL_IS_COMPLEMENTARY]) VALUES (N'AA    ', 420, N'021M', 0, 1)
INSERT INTO [dbo].[R_SKL_PGM] ([PGM_ID], [DPTMNT_ID], [SKL_ID], [SKL_IS_REQUIRED], [SKL_IS_COMPLEMENTARY]) VALUES (N'AA    ', 420, N'4EF0', 1, 0)
INSERT INTO [dbo].[R_SKL_PGM] ([PGM_ID], [DPTMNT_ID], [SKL_ID], [SKL_IS_REQUIRED], [SKL_IS_COMPLEMENTARY]) VALUES (N'AA    ', 420, N'4EF1', 1, 0)
INSERT INTO [dbo].[R_SKL_PGM] ([PGM_ID], [DPTMNT_ID], [SKL_ID], [SKL_IS_REQUIRED], [SKL_IS_COMPLEMENTARY]) VALUES (N'AA    ', 420, N'4EF2', 1, 0)
INSERT INTO [dbo].[R_SKL_PGM] ([PGM_ID], [DPTMNT_ID], [SKL_ID], [SKL_IS_REQUIRED], [SKL_IS_COMPLEMENTARY]) VALUES (N'AA    ', 420, N'4EFP', 1, 0)
INSERT INTO [dbo].[R_SKL_PGM] ([PGM_ID], [DPTMNT_ID], [SKL_ID], [SKL_IS_REQUIRED], [SKL_IS_COMPLEMENTARY]) VALUES (N'AA    ', 420, N'4EP0', 1, 0)
INSERT INTO [dbo].[R_SKL_PGM] ([PGM_ID], [DPTMNT_ID], [SKL_ID], [SKL_IS_REQUIRED], [SKL_IS_COMPLEMENTARY]) VALUES (N'AA    ', 420, N'4EP1', 1, 0)
INSERT INTO [dbo].[R_SKL_PGM] ([PGM_ID], [DPTMNT_ID], [SKL_ID], [SKL_IS_REQUIRED], [SKL_IS_COMPLEMENTARY]) VALUES (N'AA    ', 420, N'4EP2', 1, 0)
INSERT INTO [dbo].[R_SKL_PGM] ([PGM_ID], [DPTMNT_ID], [SKL_ID], [SKL_IS_REQUIRED], [SKL_IS_COMPLEMENTARY]) VALUES (N'AA    ', 420, N'4PH0', 1, 0)
INSERT INTO [dbo].[R_SKL_PGM] ([PGM_ID], [DPTMNT_ID], [SKL_ID], [SKL_IS_REQUIRED], [SKL_IS_COMPLEMENTARY]) VALUES (N'AA    ', 420, N'4PHP', 1, 0)
INSERT INTO [dbo].[R_SKL_PGM] ([PGM_ID], [DPTMNT_ID], [SKL_ID], [SKL_IS_REQUIRED], [SKL_IS_COMPLEMENTARY]) VALUES (N'AA    ', 420, N'4SA0', 1, 0)
INSERT INTO [dbo].[R_SKL_PGM] ([PGM_ID], [DPTMNT_ID], [SKL_ID], [SKL_IS_REQUIRED], [SKL_IS_COMPLEMENTARY]) VALUES (N'AA    ', 420, N'4SA1', 1, 0)
INSERT INTO [dbo].[R_SKL_PGM] ([PGM_ID], [DPTMNT_ID], [SKL_ID], [SKL_IS_REQUIRED], [SKL_IS_COMPLEMENTARY]) VALUES (N'AA    ', 420, N'4SA2', 1, 0)
INSERT INTO [dbo].[R_SKL_PGM] ([PGM_ID], [DPTMNT_ID], [SKL_ID], [SKL_IS_REQUIRED], [SKL_IS_COMPLEMENTARY]) VALUES (N'AA    ', 420, N'4SA3', 1, 0)
INSERT INTO [dbo].[R_SKL_PGM] ([PGM_ID], [DPTMNT_ID], [SKL_ID], [SKL_IS_REQUIRED], [SKL_IS_COMPLEMENTARY]) VALUES (N'AA    ', 420, N'4SAP', 1, 0)
INSERT INTO [dbo].[R_SKL_PGM] ([PGM_ID], [DPTMNT_ID], [SKL_ID], [SKL_IS_REQUIRED], [SKL_IS_COMPLEMENTARY]) VALUES (N'AA    ', 420, N'4SAQ', 1, 0)
INSERT INTO [dbo].[R_SKL_PGM] ([PGM_ID], [DPTMNT_ID], [SKL_ID], [SKL_IS_REQUIRED], [SKL_IS_COMPLEMENTARY]) VALUES (N'AA    ', 420, N'4SAR', 1, 0)
INSERT INTO [dbo].[R_SKL_PGM] ([PGM_ID], [DPTMNT_ID], [SKL_ID], [SKL_IS_REQUIRED], [SKL_IS_COMPLEMENTARY]) VALUES (N'AA    ', 420, N'4SAS', 1, 0)
go
/*les context pour les skills*/
SET IDENTITY_INSERT [dbo].[TSKLCNTXT] ON
INSERT INTO [dbo].[TSKLCNTXT] ([SKL_ID], [ID], [IL_CONT_REL], [RCD_CDTTM]) VALUES (N'0000', 1, N'À l’aide de documentation et d’outils de', N'2019-11-13 05:05:51')
INSERT INTO [dbo].[TSKLCNTXT] ([SKL_ID], [ID], [IL_CONT_REL], [RCD_CDTTM]) VALUES (N'00Q1', 2, N'Pour différents systèmes d’exploitation.', N'2019-11-13 05:06:27')
INSERT INTO [dbo].[TSKLCNTXT] ([SKL_ID], [ID], [IL_CONT_REL], [RCD_CDTTM]) VALUES (N'00Q1', 3, N'À partir d’une demande.', N'2019-11-13 05:06:37')
INSERT INTO [dbo].[TSKLCNTXT] ([SKL_ID], [ID], [IL_CONT_REL], [RCD_CDTTM]) VALUES (N'00Q1', 4, N'À l’aide d’ordinateurs, de périphériques, de', N'2019-11-13 05:06:58')
INSERT INTO [dbo].[TSKLCNTXT] ([SKL_ID], [ID], [IL_CONT_REL], [RCD_CDTTM]) VALUES (N'00Q1', 5, N'À l’aide de la documentation technique.', N'2019-11-13 05:07:09')
INSERT INTO [dbo].[TSKLCNTXT] ([SKL_ID], [ID], [IL_CONT_REL], [RCD_CDTTM]) VALUES (N'00Q1', 6, N'À l’aide de systèmes d’exploitation, d’applications,', N'2019-11-13 05:07:21')
INSERT INTO [dbo].[TSKLCNTXT] ([SKL_ID], [ID], [IL_CONT_REL], [RCD_CDTTM]) VALUES (N'00Q2', 7, N'Pour des problèmes dont la solution est simple.', N'2019-11-13 05:08:44')
INSERT INTO [dbo].[TSKLCNTXT] ([SKL_ID], [ID], [IL_CONT_REL], [RCD_CDTTM]) VALUES (N'00Q2', 8, N'À l’aide d’algorithmes de base.', N'2019-11-13 05:08:53')
INSERT INTO [dbo].[TSKLCNTXT] ([SKL_ID], [ID], [IL_CONT_REL], [RCD_CDTTM]) VALUES (N'00Q2', 9, N'À l’aide d’un débogueur et d’un plan de tests', N'2019-11-13 05:09:02')
INSERT INTO [dbo].[TSKLCNTXT] ([SKL_ID], [ID], [IL_CONT_REL], [RCD_CDTTM]) VALUES (N'00Q3', 10, N'À partir de situations problèmes.', N'2019-11-13 05:09:09')
INSERT INTO [dbo].[TSKLCNTXT] ([SKL_ID], [ID], [IL_CONT_REL], [RCD_CDTTM]) VALUES (N'00Q3', 11, N'À l’aide de données quantitatives.', N'2019-11-13 05:09:15')
INSERT INTO [dbo].[TSKLCNTXT] ([SKL_ID], [ID], [IL_CONT_REL], [RCD_CDTTM]) VALUES (N'00Q4', 12, N'À l’aide de logiciels de traitement de texte, de', N'2019-11-13 05:09:28')
INSERT INTO [dbo].[TSKLCNTXT] ([SKL_ID], [ID], [IL_CONT_REL], [RCD_CDTTM]) VALUES (N'00Q4', 13, N'À l’aide d’images, de sons et de vidéos.', N'2019-11-13 05:09:35')
INSERT INTO [dbo].[TSKLCNTXT] ([SKL_ID], [ID], [IL_CONT_REL], [RCD_CDTTM]) VALUES (N'00Q4', 14, N'À l’aide de normes de présentation.', N'2019-11-13 05:09:44')
INSERT INTO [dbo].[TSKLCNTXT] ([SKL_ID], [ID], [IL_CONT_REL], [RCD_CDTTM]) VALUES (N'00Q5', 15, N'Pour des réseaux informatiques locaux filaires et', N'2019-11-13 05:09:56')
INSERT INTO [dbo].[TSKLCNTXT] ([SKL_ID], [ID], [IL_CONT_REL], [RCD_CDTTM]) VALUES (N'00Q5', 16, N'À partir d’une demande.', N'2019-11-13 05:10:03')
INSERT INTO [dbo].[TSKLCNTXT] ([SKL_ID], [ID], [IL_CONT_REL], [RCD_CDTTM]) VALUES (N'00Q5', 17, N'À l’aide d’ordinateurs, de dispositifs', N'2019-11-13 05:10:12')
INSERT INTO [dbo].[TSKLCNTXT] ([SKL_ID], [ID], [IL_CONT_REL], [RCD_CDTTM]) VALUES (N'00Q5', 18, N'À l’aide de la documentation technique.', N'2019-11-13 05:10:20')
INSERT INTO [dbo].[TSKLCNTXT] ([SKL_ID], [ID], [IL_CONT_REL], [RCD_CDTTM]) VALUES (N'00Q6', 19, N'À partir d’un problème.', N'2019-11-13 05:10:34')
INSERT INTO [dbo].[TSKLCNTXT] ([SKL_ID], [ID], [IL_CONT_REL], [RCD_CDTTM]) VALUES (N'00Q6', 20, N'À l’aide de règles de nomenclature et de codage.', N'2019-11-13 05:10:43')
INSERT INTO [dbo].[TSKLCNTXT] ([SKL_ID], [ID], [IL_CONT_REL], [RCD_CDTTM]) VALUES (N'00Q7', 21, N'Pour un système de gestion de base de données', N'2019-11-13 05:11:14')
INSERT INTO [dbo].[TSKLCNTXT] ([SKL_ID], [ID], [IL_CONT_REL], [RCD_CDTTM]) VALUES (N'00Q7', 22, N'À partir d’un modèle de données et des', N'2019-11-13 05:11:22')
INSERT INTO [dbo].[TSKLCNTXT] ([SKL_ID], [ID], [IL_CONT_REL], [RCD_CDTTM]) VALUES (N'00Q8', 23, N'À l’aide de mesures de sécurité reconnues.', N'2019-11-13 05:11:31')
INSERT INTO [dbo].[TSKLCNTXT] ([SKL_ID], [ID], [IL_CONT_REL], [RCD_CDTTM]) VALUES (N'00Q8', 24, N'À l’aide de logiciels de sécurité informatique et de', N'2019-11-13 05:11:38')
INSERT INTO [dbo].[TSKLCNTXT] ([SKL_ID], [ID], [IL_CONT_REL], [RCD_CDTTM]) VALUES (N'00SE', 25, N'Pour des formes d’organisation du travail variées.', N'2019-11-13 05:11:58')
INSERT INTO [dbo].[TSKLCNTXT] ([SKL_ID], [ID], [IL_CONT_REL], [RCD_CDTTM]) VALUES (N'00SE', 26, N'À l’aide de normes, de méthodes et de bonnes', N'2019-11-13 05:12:07')
INSERT INTO [dbo].[TSKLCNTXT] ([SKL_ID], [ID], [IL_CONT_REL], [RCD_CDTTM]) VALUES (N'00SE', 27, N'À l’aide de lois, de codes d’éthique et de', N'2019-11-13 05:12:24')
INSERT INTO [dbo].[TSKLCNTXT] ([SKL_ID], [ID], [IL_CONT_REL], [RCD_CDTTM]) VALUES (N'00SF', 28, N'À l’aide de sources d’information.', N'2019-11-13 05:12:37')
INSERT INTO [dbo].[TSKLCNTXT] ([SKL_ID], [ID], [IL_CONT_REL], [RCD_CDTTM]) VALUES (N'00SF', 29, N'À partir du cahier des charges fonctionnel et de', N'2019-11-13 05:12:43')
INSERT INTO [dbo].[TSKLCNTXT] ([SKL_ID], [ID], [IL_CONT_REL], [RCD_CDTTM]) VALUES (N'00SF', 30, N'À l’aide de la documentation technique.', N'2019-11-13 05:12:54')
INSERT INTO [dbo].[TSKLCNTXT] ([SKL_ID], [ID], [IL_CONT_REL], [RCD_CDTTM]) VALUES (N'00SG', 31, N'À partir d’un incident, d’un problème ou d’une', N'2019-11-13 05:13:06')
INSERT INTO [dbo].[TSKLCNTXT] ([SKL_ID], [ID], [IL_CONT_REL], [RCD_CDTTM]) VALUES (N'00SG', 32, N'À l’aide de documentation et d’une base de', N'2019-11-13 05:13:15')
INSERT INTO [dbo].[TSKLCNTXT] ([SKL_ID], [ID], [IL_CONT_REL], [RCD_CDTTM]) VALUES (N'00SG', 33, N'À l’aide de normes de présentation.', N'2019-11-13 05:13:22')
INSERT INTO [dbo].[TSKLCNTXT] ([SKL_ID], [ID], [IL_CONT_REL], [RCD_CDTTM]) VALUES (N'00SH', 34, N'À l’aide de sources d’information.', N'2019-11-13 05:13:31')
INSERT INTO [dbo].[TSKLCNTXT] ([SKL_ID], [ID], [IL_CONT_REL], [RCD_CDTTM]) VALUES (N'00SH', 35, N'À l’aide d’applications et d’équipement', N'2019-11-13 05:13:42')
INSERT INTO [dbo].[TSKLCNTXT] ([SKL_ID], [ID], [IL_CONT_REL], [RCD_CDTTM]) VALUES (N'00SJ', 36, N'Pour des serveurs intranet de différents types :', N'2019-11-13 05:13:54')
INSERT INTO [dbo].[TSKLCNTXT] ([SKL_ID], [ID], [IL_CONT_REL], [RCD_CDTTM]) VALUES (N'00SJ', 37, N'Pour différents services : authentification,', N'2019-11-13 05:14:05')
INSERT INTO [dbo].[TSKLCNTXT] ([SKL_ID], [ID], [IL_CONT_REL], [RCD_CDTTM]) VALUES (N'00SJ', 38, N'À partir des documents de conception.', N'2019-11-13 05:14:12')
INSERT INTO [dbo].[TSKLCNTXT] ([SKL_ID], [ID], [IL_CONT_REL], [RCD_CDTTM]) VALUES (N'00SJ', 39, N'À l’aide de la documentation technique.', N'2019-11-13 05:14:21')
INSERT INTO [dbo].[TSKLCNTXT] ([SKL_ID], [ID], [IL_CONT_REL], [RCD_CDTTM]) VALUES (N'00SK', 40, N'Pour des serveurs Internet de différents types :', N'2019-11-13 05:14:30')
INSERT INTO [dbo].[TSKLCNTXT] ([SKL_ID], [ID], [IL_CONT_REL], [RCD_CDTTM]) VALUES (N'00SK', 41, N'Pour différents services : courriel, Web,', N'2019-11-13 05:14:39')
INSERT INTO [dbo].[TSKLCNTXT] ([SKL_ID], [ID], [IL_CONT_REL], [RCD_CDTTM]) VALUES (N'00SK', 42, N'À partir des documents de conception.', N'2019-11-13 05:14:46')
INSERT INTO [dbo].[TSKLCNTXT] ([SKL_ID], [ID], [IL_CONT_REL], [RCD_CDTTM]) VALUES (N'00SK', 43, N'À l’aide de la documentation technique.', N'2019-11-13 05:14:53')
INSERT INTO [dbo].[TSKLCNTXT] ([SKL_ID], [ID], [IL_CONT_REL], [RCD_CDTTM]) VALUES (N'00SL', 44, N'Pour des serveurs de base de données de', N'2019-11-13 05:15:31')
INSERT INTO [dbo].[TSKLCNTXT] ([SKL_ID], [ID], [IL_CONT_REL], [RCD_CDTTM]) VALUES (N'00SL', 45, N'Pour des systèmes de gestion de base de', N'2019-11-13 05:15:42')
INSERT INTO [dbo].[TSKLCNTXT] ([SKL_ID], [ID], [IL_CONT_REL], [RCD_CDTTM]) VALUES (N'00SL', 46, N'À partir des documents de conception.', N'2019-11-13 05:15:54')
INSERT INTO [dbo].[TSKLCNTXT] ([SKL_ID], [ID], [IL_CONT_REL], [RCD_CDTTM]) VALUES (N'00SL', 47, N'À l’aide de la documentation technique.', N'2019-11-13 05:16:01')
INSERT INTO [dbo].[TSKLCNTXT] ([SKL_ID], [ID], [IL_CONT_REL], [RCD_CDTTM]) VALUES (N'00SM', 48, N'Pour des dispositifs d’interconnexion variés :', N'2019-11-13 05:16:11')
INSERT INTO [dbo].[TSKLCNTXT] ([SKL_ID], [ID], [IL_CONT_REL], [RCD_CDTTM]) VALUES (N'00SM', 49, N'Sur des technologies d’infrastructures variées de', N'2019-11-13 05:16:19')
INSERT INTO [dbo].[TSKLCNTXT] ([SKL_ID], [ID], [IL_CONT_REL], [RCD_CDTTM]) VALUES (N'00SM', 50, N'À partir des documents de conception.', N'2019-11-13 05:16:28')
INSERT INTO [dbo].[TSKLCNTXT] ([SKL_ID], [ID], [IL_CONT_REL], [RCD_CDTTM]) VALUES (N'00SM', 51, N'À l’aide de la documentation technique.', N'2019-11-13 05:16:40')
INSERT INTO [dbo].[TSKLCNTXT] ([SKL_ID], [ID], [IL_CONT_REL], [RCD_CDTTM]) VALUES (N'00SN', 52, N'À l’aide de la documentation technique.', N'2019-11-13 05:18:00')
INSERT INTO [dbo].[TSKLCNTXT] ([SKL_ID], [ID], [IL_CONT_REL], [RCD_CDTTM]) VALUES (N'00SN', 53, N'À partir de tâches de gestion de réseaux
récurrentes.', N'2019-11-13 05:18:32')
INSERT INTO [dbo].[TSKLCNTXT] ([SKL_ID], [ID], [IL_CONT_REL], [RCD_CDTTM]) VALUES (N'00SP', 54, N'Pour différents types de surveillance : détection
des intrusions, détection des vulnérabilités,
analyse de la performance, analyse de la
disponibilité, etc.', N'2019-11-13 05:18:47')
INSERT INTO [dbo].[TSKLCNTXT] ([SKL_ID], [ID], [IL_CONT_REL], [RCD_CDTTM]) VALUES (N'00SP', 55, N'Sur des technologies d’infrastructures variées de
réseaux informatiques locaux, métropolitains et
mondiaux.', N'2019-11-13 05:19:02')
INSERT INTO [dbo].[TSKLCNTXT] ([SKL_ID], [ID], [IL_CONT_REL], [RCD_CDTTM]) VALUES (N'00SP', 56, N'À l’aide d’une base de connaissances.', N'2019-11-13 05:19:19')
INSERT INTO [dbo].[TSKLCNTXT] ([SKL_ID], [ID], [IL_CONT_REL], [RCD_CDTTM]) VALUES (N'00SP', 57, N'À l’aide de la documentation technique, de
procédures d’intervention ainsi que de mesures
de sécurité.', N'2019-11-13 05:19:34')
INSERT INTO [dbo].[TSKLCNTXT] ([SKL_ID], [ID], [IL_CONT_REL], [RCD_CDTTM]) VALUES (N'00SQ', 58, N'À partir d’une demande et d’exigences de la

cliente ou du client.', N'2019-11-13 05:19:44')
INSERT INTO [dbo].[TSKLCNTXT] ([SKL_ID], [ID], [IL_CONT_REL], [RCD_CDTTM]) VALUES (N'00SQ', 59, N'À l’aide de la documentation technique.', N'2019-11-13 05:19:54')
INSERT INTO [dbo].[TSKLCNTXT] ([SKL_ID], [ID], [IL_CONT_REL], [RCD_CDTTM]) VALUES (N'00SQ', 60, N'À l’aide de normes, de méthodes et de bonnes
pratiques en matière de gestion de réseaux.', N'2019-11-13 05:20:09')
INSERT INTO [dbo].[TSKLCNTXT] ([SKL_ID], [ID], [IL_CONT_REL], [RCD_CDTTM]) VALUES (N'00SR', 61, N'Pour différentes plateformes cibles : tablettes,
téléphones intelligents, ordinateurs de bureau,
etc.', N'2019-11-13 05:20:38')
go
/*skill et elements*/
INSERT INTO [dbo].[TSKLELEM] ([SKL_ID], [SKLELEM_SQNBR], [SKLELEM_TITLE], [SKLELEM_DESC], [RCD_CDTTM], [TRK_UID]) VALUES (N'0000', 1, N'Rechercher de l’information sur les professions et
les milieux de travail en informatique.', NULL, N'2019-11-13 19:54:13', NULL)
INSERT INTO [dbo].[TSKLELEM] ([SKL_ID], [SKLELEM_SQNBR], [SKLELEM_TITLE], [SKLELEM_DESC], [RCD_CDTTM], [TRK_UID]) VALUES (N'0000', 2, N'Analyser l’information sur les entreprises et les
établissements embauchant des techniciennes et
techniciens en informatique.', NULL, N'2019-11-13 19:54:25', NULL)
INSERT INTO [dbo].[TSKLELEM] ([SKL_ID], [SKLELEM_SQNBR], [SKLELEM_TITLE], [SKLELEM_DESC], [RCD_CDTTM], [TRK_UID]) VALUES (N'0000', 3, N'Analyser l’information sur la profession de
technicienne et technicien en informatique.', NULL, N'2019-11-13 19:54:50', NULL)
INSERT INTO [dbo].[TSKLELEM] ([SKL_ID], [SKLELEM_SQNBR], [SKLELEM_TITLE], [SKLELEM_DESC], [RCD_CDTTM], [TRK_UID]) VALUES (N'00Q1', 1, N'Préparer l’ordinateur', NULL, N'2019-11-08 20:03:00', NULL)
INSERT INTO [dbo].[TSKLELEM] ([SKL_ID], [SKLELEM_SQNBR], [SKLELEM_TITLE], [SKLELEM_DESC], [RCD_CDTTM], [TRK_UID]) VALUES (N'00Q1', 2, N'Installer le système d’exploitation', NULL, N'2019-11-08 20:03:00', NULL)
INSERT INTO [dbo].[TSKLELEM] ([SKL_ID], [SKLELEM_SQNBR], [SKLELEM_TITLE], [SKLELEM_DESC], [RCD_CDTTM], [TRK_UID]) VALUES (N'00Q1', 3, N'Installer des applications', NULL, N'2019-11-08 20:03:00', NULL)
INSERT INTO [dbo].[TSKLELEM] ([SKL_ID], [SKLELEM_SQNBR], [SKLELEM_TITLE], [SKLELEM_DESC], [RCD_CDTTM], [TRK_UID]) VALUES (N'00Q1', 4, N'Effectuer des tâches de gestion du système d’exploitation', NULL, N'2019-11-08 20:03:00', NULL)
INSERT INTO [dbo].[TSKLELEM] ([SKL_ID], [SKLELEM_SQNBR], [SKLELEM_TITLE], [SKLELEM_DESC], [RCD_CDTTM], [TRK_UID]) VALUES (N'00Q2', 1, N'Analyser le problème.', NULL, N'2019-11-13 20:31:35', NULL)
INSERT INTO [dbo].[TSKLELEM] ([SKL_ID], [SKLELEM_SQNBR], [SKLELEM_TITLE], [SKLELEM_DESC], [RCD_CDTTM], [TRK_UID]) VALUES (N'00Q2', 2, N'Traduire l’algorithme dans le langage de
programmation.', NULL, N'2019-11-13 20:31:47', NULL)
INSERT INTO [dbo].[TSKLELEM] ([SKL_ID], [SKLELEM_SQNBR], [SKLELEM_TITLE], [SKLELEM_DESC], [RCD_CDTTM], [TRK_UID]) VALUES (N'00Q2', 3, N'Déboguer le code.', NULL, N'2019-11-13 20:31:56', NULL)
INSERT INTO [dbo].[TSKLELEM] ([SKL_ID], [SKLELEM_SQNBR], [SKLELEM_TITLE], [SKLELEM_DESC], [RCD_CDTTM], [TRK_UID]) VALUES (N'00Q2', 4, N'Appliquer le plan de tests fonctionnels.', NULL, N'2019-11-13 20:32:06', NULL)
INSERT INTO [dbo].[TSKLELEM] ([SKL_ID], [SKLELEM_SQNBR], [SKLELEM_TITLE], [SKLELEM_DESC], [RCD_CDTTM], [TRK_UID]) VALUES (N'00Q3', 1, N'Traiter des nombres à représenter dans la
mémoire d’un ordinateur.', NULL, N'2019-11-13 20:37:32', NULL)
INSERT INTO [dbo].[TSKLELEM] ([SKL_ID], [SKLELEM_SQNBR], [SKLELEM_TITLE], [SKLELEM_DESC], [RCD_CDTTM], [TRK_UID]) VALUES (N'00Q3', 2, N'Représenter des figures géométriques en deux
dimensions sous la forme d’images numériques.', NULL, N'2019-11-13 20:37:44', NULL)
INSERT INTO [dbo].[TSKLELEM] ([SKL_ID], [SKLELEM_SQNBR], [SKLELEM_TITLE], [SKLELEM_DESC], [RCD_CDTTM], [TRK_UID]) VALUES (N'00Q3', 3, N'Modéliser des raisonnements logiques à plusieurs
variables.', NULL, N'2019-11-13 20:37:53', NULL)
INSERT INTO [dbo].[TSKLELEM] ([SKL_ID], [SKLELEM_SQNBR], [SKLELEM_TITLE], [SKLELEM_DESC], [RCD_CDTTM], [TRK_UID]) VALUES (N'00Q3', 4, N'Traiter des données quantitatives par les
statistiques descriptives.', NULL, N'2019-11-13 20:38:02', NULL)
INSERT INTO [dbo].[TSKLELEM] ([SKL_ID], [SKLELEM_SQNBR], [SKLELEM_TITLE], [SKLELEM_DESC], [RCD_CDTTM], [TRK_UID]) VALUES (N'00SJ', 1, N'Analyser le projet de déploiement', NULL, N'2019-11-08 20:03:00', NULL)
INSERT INTO [dbo].[TSKLELEM] ([SKL_ID], [SKLELEM_SQNBR], [SKLELEM_TITLE], [SKLELEM_DESC], [RCD_CDTTM], [TRK_UID]) VALUES (N'00SJ', 2, N'Monter les serveurs intranet', NULL, N'2019-11-08 20:03:00', NULL)
INSERT INTO [dbo].[TSKLELEM] ([SKL_ID], [SKLELEM_SQNBR], [SKLELEM_TITLE], [SKLELEM_DESC], [RCD_CDTTM], [TRK_UID]) VALUES (N'00SJ', 3, N'Installer les services intranet', NULL, N'2019-11-08 20:03:00', NULL)
INSERT INTO [dbo].[TSKLELEM] ([SKL_ID], [SKLELEM_SQNBR], [SKLELEM_TITLE], [SKLELEM_DESC], [RCD_CDTTM], [TRK_UID]) VALUES (N'00SJ', 4, N'Procéder au renforcement de la sécurité', NULL, N'2019-11-08 20:03:00', NULL)
INSERT INTO [dbo].[TSKLELEM] ([SKL_ID], [SKLELEM_SQNBR], [SKLELEM_TITLE], [SKLELEM_DESC], [RCD_CDTTM], [TRK_UID]) VALUES (N'00SJ', 5, N'Participer à la mise en service des serveurs intranet', NULL, N'2019-11-08 20:03:00', NULL)
INSERT INTO [dbo].[TSKLELEM] ([SKL_ID], [SKLELEM_SQNBR], [SKLELEM_TITLE], [SKLELEM_DESC], [RCD_CDTTM], [TRK_UID]) VALUES (N'00SJ', 6, N'Rédiger la documentation', NULL, N'2019-11-08 20:03:00', NULL)
INSERT INTO [dbo].[TSKLELEM] ([SKL_ID], [SKLELEM_SQNBR], [SKLELEM_TITLE], [SKLELEM_DESC], [RCD_CDTTM], [TRK_UID]) VALUES (N'4EF0', 1, N'Reconnaître le propos du texte.', NULL, N'2019-11-13 20:43:30', NULL)
INSERT INTO [dbo].[TSKLELEM] ([SKL_ID], [SKLELEM_SQNBR], [SKLELEM_TITLE], [SKLELEM_DESC], [RCD_CDTTM], [TRK_UID]) VALUES (N'4EF0', 2, N'Repérer et classer des thèmes et des procédés
stylistiques.', NULL, N'2019-11-13 20:43:41', NULL)
INSERT INTO [dbo].[TSKLELEM] ([SKL_ID], [SKLELEM_SQNBR], [SKLELEM_TITLE], [SKLELEM_DESC], [RCD_CDTTM], [TRK_UID]) VALUES (N'4EF0', 3, N'Choisir les éléments d’analyse.', NULL, N'2019-11-13 20:43:55', NULL)
INSERT INTO [dbo].[TSKLELEM] ([SKL_ID], [SKLELEM_SQNBR], [SKLELEM_TITLE], [SKLELEM_DESC], [RCD_CDTTM], [TRK_UID]) VALUES (N'4EF0', 4, N'Élaborer un plan de rédaction.', NULL, N'2019-11-13 20:44:04', NULL)
INSERT INTO [dbo].[TSKLELEM] ([SKL_ID], [SKLELEM_SQNBR], [SKLELEM_TITLE], [SKLELEM_DESC], [RCD_CDTTM], [TRK_UID]) VALUES (N'4EF0', 5, N'Rédigerune analyse littéraire, un commentaire
composé ou une explication de textes.', NULL, N'2019-11-13 20:44:16', NULL)
INSERT INTO [dbo].[TSKLELEM] ([SKL_ID], [SKLELEM_SQNBR], [SKLELEM_TITLE], [SKLELEM_DESC], [RCD_CDTTM], [TRK_UID]) VALUES (N'4EF0', 6, N'Réviser et corriger le texte.', NULL, N'2019-11-13 20:44:26', NULL)
INSERT INTO [dbo].[TSKLELEM] ([SKL_ID], [SKLELEM_SQNBR], [SKLELEM_TITLE], [SKLELEM_DESC], [RCD_CDTTM], [TRK_UID]) VALUES (N'4EF1', 1, N'Reconnaître le traitement d’un thème dans un texte', NULL, N'2019-11-08 20:03:00', NULL)
INSERT INTO [dbo].[TSKLELEM] ([SKL_ID], [SKLELEM_SQNBR], [SKLELEM_TITLE], [SKLELEM_DESC], [RCD_CDTTM], [TRK_UID]) VALUES (N'4EF1', 2, N'Situer le texte dans son contexte culturel et sociohistorique', NULL, N'2019-11-08 20:03:00', NULL)
INSERT INTO [dbo].[TSKLELEM] ([SKL_ID], [SKLELEM_SQNBR], [SKLELEM_TITLE], [SKLELEM_DESC], [RCD_CDTTM], [TRK_UID]) VALUES (N'4EF1', 3, N'Dégager les rapports entre le réel, le langage et l’imaginaire', NULL, N'2019-11-08 20:03:00', NULL)
INSERT INTO [dbo].[TSKLELEM] ([SKL_ID], [SKLELEM_SQNBR], [SKLELEM_TITLE], [SKLELEM_DESC], [RCD_CDTTM], [TRK_UID]) VALUES (N'4EF1', 4, N'Élaborer un plan de dissertation', NULL, N'2019-11-08 20:03:00', NULL)
INSERT INTO [dbo].[TSKLELEM] ([SKL_ID], [SKLELEM_SQNBR], [SKLELEM_TITLE], [SKLELEM_DESC], [RCD_CDTTM], [TRK_UID]) VALUES (N'4EF1', 5, N'Rédiger une dissertation explicative', NULL, N'2019-11-08 20:03:00', NULL)
INSERT INTO [dbo].[TSKLELEM] ([SKL_ID], [SKLELEM_SQNBR], [SKLELEM_TITLE], [SKLELEM_DESC], [RCD_CDTTM], [TRK_UID]) VALUES (N'4EF1', 6, N'Réviser et corriger le texte', NULL, N'2019-11-08 20:03:00', NULL)
INSERT INTO [dbo].[TSKLELEM] ([SKL_ID], [SKLELEM_SQNBR], [SKLELEM_TITLE], [SKLELEM_DESC], [RCD_CDTTM], [TRK_UID]) VALUES (N'4SAP', 1, N'Dégager le sens d’un message oral authentique lié à son champ d’études', NULL, N'2019-11-08 20:03:00', NULL)
INSERT INTO [dbo].[TSKLELEM] ([SKL_ID], [SKLELEM_SQNBR], [SKLELEM_TITLE], [SKLELEM_DESC], [RCD_CDTTM], [TRK_UID]) VALUES (N'4SAP', 2, N'Dégager le sens d’un texte authentique lié à son champ d’études', NULL, N'2019-11-08 20:03:00', NULL)
INSERT INTO [dbo].[TSKLELEM] ([SKL_ID], [SKLELEM_SQNBR], [SKLELEM_TITLE], [SKLELEM_DESC], [RCD_CDTTM], [TRK_UID]) VALUES (N'4SAP', 3, N'Communiquer un bref message oral lié à son champ d’études', NULL, N'2019-11-08 20:03:00', NULL)
INSERT INTO [dbo].[TSKLELEM] ([SKL_ID], [SKLELEM_SQNBR], [SKLELEM_TITLE], [SKLELEM_DESC], [RCD_CDTTM], [TRK_UID]) VALUES (N'4SAP', 4, N'Rédiger et réviser un court texte lié à son champ d’études', NULL, N'2019-11-08 20:03:00', NULL)
